Data do mutirão;Horário de início;Ambiente ;Estado;Cidade;Nome do local (exemplo: praia de boa viagem);Bairro ou distrito;Ponto de Referência;Extensão aproximada da área de coleta ;Largura aproximada da área de coleta (em metros);Coordenadas geográficas do local de limpeza;Instituição Organizadora;Caráter da instituição;Site institucional;Número aproximado de participantes (total);Número aproximado de participantes crianças;Número aproximado de participantes jovens;Número aproximado de participantes adultos;Número aproximado de participantes idosos;Duração da coleta;Duração da triagem;Duração total (coleta + triagem);Peso total dos resíduos (kg);Quantidade total de itens coletados;Plástico (total);1. Fragmentos de plástico (maiores que 2,5 cm).;2. Brinquedos;3. Canudos;4. Copos/talheres/pratos;5. Embalagens de alimento;6. Escovas de dente;7. Esponjas/espumas;8. Galões;9. Garrafas PET;10. Hastes de cotonete/pirulito;11. Isqueiros;12. Pedaços de isopor (maiores que 2,5 cm);13. Pinos de plástico;14. Sacos e sacolas;15. Tampas/lacres/argolas de garrafa;16. Outros (descreva);Borracha (total);1. Balões e bexigas;2. Câmaras de ar;3. Chinelos/sandálias;4. Luvas;5. Pneus;6. Preservativos (camisinha);7. Outros (descreva);Madeira (total);1. Espetos/varas;2. Fósforos;3. Palitos de dente;4. Palitos de sorvete/picolé;5. Pedaços de madeira;6. Outros (descreva);Produtos têxteis (total);1. Aviamentos (linhas/barbantes);2. Calçados (sapatos, tênis);3. Roupas e pedaços de tecido;4. Outros (descreva);Papel (total);1. Caixas de leite/suco, etc;2. Embalagens de cigarro;3. Embalagens de papel;4. Jornais/panfletos/revistas/livros;5. Papelão;6. Pedaços de papel/guardanapos;7. Outros (Descreva)2;Metal (total);1. Anéis de lacre de latas de bebidas;2. Latas de bebidas;3. Latas (comida, desodorante, óleo, tinta, etc.);4. Pedaços de metal;5. Tampas de metal;6. Outros (descreva)2;Vidro (total);1. Copos/xícaras/pratos;2. Garrafas;3. Lâmpadas;4. Pedaços de cerâmica;5. Pedaços de vidro;6. Potes de vidro ou cerâmica;7. Outros (descreva)3;Materiais de Pesca (total);1. Anzóis;2. Boias;3. Linhas de pesca;4. Pedaços de corda;5. Redes/pedaços de rede;6. Outros (descreva)5;Outros Resíduos (total);1. Bitucas/guimbas/filtros de cigarro;2. Cera de vela/parafina;3. Eletroeletrônicos (TV, celular, computador, etc.);4. Entulhos/material de construção;5. Fraldas e absorventes;6. Seringas;7. Outros (descreva)6;Animais;Animais Vivos;Animais Mortos;Especificar animais;Qual foi a destinação dos resíduos coletados2;Eixo da Agenda Ambiental Urbana
15/09/2019;10:00:00;Cidade;RS;Porto Alegre;Caminhada do Parque Moinhos de Vento e Parque Farroupilha até Shopping Total;Moinhos de Vento / Farroupilha / Floresta;Parque Moinhos de Vento / Parque Farroupilha e Shopping Total;3000;5;;Instituto Ecosurf / Impacta o Mundo / Greenpeace Poa / TodaVida;Organização da sociedade civil;;160;10;50;100;20;60 minutos;2 horas;03:00:00;64;14235;382;;;66;260;;1;;;;;;55;;;;Plastico (geral) - 1729 / Canetas de escrever - 10;0;;;;;;;borrachas (geral) - 66 / sola de sapato - 01;27;;;;;27;escova de cabelo - 01;57;19;1;37;cinto - 01;272;;64;67;;141;;Papel (vários) - 894;219;;;;;219;metal (vários) - 273;0;;;;;;;Vidro (geral) - 95;0;;;;;;;10194;10189;;1;;1;3;Fios elétricos 03 / pilhas 02 / cabo usb 01 / chicletes 08;0;;;;Cooperativa de catadores;Rios +Limpos
21/09/2019;08:00:00;Cidade;MG;Poços de Caldas;5 Pontos de Ação na Cidade;Centro, Jardim Primavera, Country Club e Santa Ângela;Casa Carneiro, Fonte dos Amores, Antiga Fábrica de Farinha, PEV dos Bombeiros, Ginásio Avenida Irradiação;2000;30;;Instituto Lixo Zero Brasil Poços de Caldas;Organização da sociedade civil;;154;3;135;16;0;90 minutos;Não informado;01:30:00;1550;0;0;;;;;;;;;;;;;;;;;0;;;;;;;;0;;;;;;;0;;;;;0;;;;;;;;0;;;;;;;0;;;;;;;;0;;;;;;;0;;;;;;;;0;;;;Serviço de limpeza urbana;Rios +Limpos
21/09/2019;07:00:00;Cidade;MG;Ouro Fino;Avenida Delfim Moreira, Avenida Marechal Deodoro, Escola Estadual Francisco Ribeiro da Fonseca;Bairro;Presídio de Ouro Fino;5000;4000;;ACAMARE (Associação de Catadores dos Materiais Recicláveis);Iniciativa privada;;1270;700;250;300;20;Mais de 90 minutos;4 horas ou mais;10:00:00;30000;45;0;;;;;;;;;;;;;;;;;0;;;;;;;;0;;;;;;;0;;;;;0;;;;;;;;0;;;;;;;0;;;;;;;;0;;;;;;;0;;;;;;;;0;;;;Cooperativa de catadores;Rios +Limpos
21/09/2019;07:30:00;Cidade;SC;Brusque;Bairros da cidade: Centro, Steffen, Sta Terezinha e imediações do Fort Atacadista/pavilhão Maria Celina;cidade;Havan;50000;8;;Coletivo Plantando Água;Organização da sociedade civil;;51;4;35;13;3;Mais de 90 minutos;1 hora;05:00:00;483;0;0;;;;;;;;;;;;;;;;14,5 kg bitucas;0;;;;;;;;0;;;;;;;0;;;;;0;;;;;;;;0;;;;;;;0;;;;;;;1 parabrisa inteiro;0;;;;;;;0;;;;;;;;1;;1;capivara;Serviço de limpeza urbana;Rios +Limpos
21/09/2019;09:30:00;Parque;RS;Passo Fundo;Bosque Lucas Araújo;Bosque Lucas Araújo;Bosque Lucas Araújo;300;10;;Instituto Ecosurf;Organização da sociedade civil;;33;1;32;32;0;Mais de 90 minutos;Não informado;02:00:00;0;1401;169;;;;;;;;;101;;;4;;64;;Plástico duro 110;4;;;2;;2;;;16;6;;;;10;;125;;63;62;Cobertores 3 / almofadas 2 / corda 4;0;;;;;;;;36;;26;;10;;Porta de geladeira 1 / chaleira 1 / faca grande de cozinha 1;232;;221;6;;5;;;0;;;;;;;471;452;1;5;8;5;;Peças de carro 178 / pedaços de carro 3 / boias combustível carro 19 / guarda-chuva 1 / despachos e oferendas 20 / canhão de luz 1;11;;11;10 cachorros e 1 gato;Serviço de limpeza urbana;Rios +Limpos
21/09/2019;10:00:00;Lago/Lagoa;DF;Brasilia;Lago Paranoá - várias margens;Asa Sul;Clube Naval;11000;5;;Ministério do Meio Ambiente;Poder público;https://www.gov.br/mma/pt-br;4;0;0;4;0;Mais de 90 minutos;1 hora;02:30:00;61;283;139;54;1;0;16;25;0;2;0;15;0;0;13;0;9;4;1;4;3;0;0;0;0;1;cabo submarino 1;2;0;0;0;0;2;0;6;1;0;5;0;12;4;3;1;0;0;4;0;41;0;28;1;8;4;4;44;0;18;0;0;26;0;0;2;0;1;1;0;0;00:00:00;27;11;0;0;15;1;0;0;0;0;0;;Não Informado;Rios +Limpos
21/09/2019;08:00:00;Lago/Lagoa;MG;Montes Claros;Lagoa do interlagos;Interlagos;Lagoa;3000;300;;Lax Serviços Ambientais;Iniciativa privada;;240;60;80;90;10;Mais de 90 minutos;3 horas;06:00:00;1450;0;0;;;;;;;;;;;;;;;;;0;;;;;;;;0;;;;;;;0;;;;;0;;;;;;;;0;;;;;;;0;;;;;;;;0;;;;;;;0;;;;;;;;0;;;;Serviço de limpeza urbana;Rios +Limpos
21/09/2019;08:30:00;Rural;SP;Presidente Prudente;Linha férrea (Estação);Centro;Estação;3000;300;;Rede Amor e Esperança;Organização da sociedade civil;;100;10;80;20;3;Mais de 90 minutos;1 hora;03:00:00;500;0;0;;;;;;;;;;;;;;;;;0;;;;;;;;0;;;;;;;0;;;;;0;;;;;;;;0;;;;;;;0;;;;;;;;0;;;;;;;0;;;;;;;;0;;;;Cooperativa de catadores;Rios +Limpos
21/09/2019;09:00:00;Cidade;SP;Monte Azul Paulista;Terreno baldio no cruzamento da Rua Angelo Sasso com a Avenida Liscano Coelho Blanco, e a Praça do Centenário.;Centenário;Centro de Eventos Centenário.;200;100;;Maria Eugênia Gonçalez Alvares;Voluntária;;17;10;2;5;0;Mais de 90 minutos;1 hora;03:00:00;30;350;237;50;0;20;15;20;0;5;0;2;0;0;10;52;63;0;embalagens de ketchup, maionese e mostarda utilizadas em lanchonetes;3;0;0;3;0;0;0;direção de caminhão;15;0;0;0;0;15;resíduos de construção civil que continham pedaços de madeira;20;0;4;16;malas de viagem;0;0;0;0;0;0;0;;1;0;0;0;1;0;uma lata de tinta;20;0;5;0;10;5;0;foram encontradas muitas garrafas de vidro de cerveja daquelas descartáveis, e as cerâmicas, todas relacionadas com construção civil;0;0;0;0;0;0;;48;35;0;1;10;2;0;foram encontrados vários pontos de descarte de material de construção, o número que eu mencionei, se referem a quantidade de focos de descarte;4;0;4;duas galinhas mortas, um gato e uma tartaruga;Serviço de limpeza urbana;Rios +Limpos
21/10/2019;08:00:00;Rio;AM;Manaus;Praia da Ponta Negra;Ponta Negra;Afiteatro da Ponta Negra;;;;Limpa Brasil;Organização da sociedade civil;www.limpabrasil.org;350;10;150;180;20;Mais de 90min;1h;02:00:00;200;20;917;200;10;100;200;100;0;0;0;120;62;0;0;0;80;45;;300;0;0;0;150;150;0;;68;1;5;0;50;12;;0;0;0;0;;32;2;5;9;2;5;9;;111;60;35;2;5;9;;15;6;3;0;0;4;2;;0;0;0;0;0;0;;0;0;0;0;0;0;0;;0;0;0;;Serviço de limpeza urbana;Rios +Limpos
19/01/2020;09:00:00;Lago/Lagoa;MG;Uberlândia;Cachoeira do Sucupira;Zona rural;Próximo a captação de água do DMAE;100;100;;Amigos da Cachoeira;Organização da sociedade civil;;21;1;3;17;0;30 minutos;1 hora;02:00:00;50;;0;;;;;;;;;;;;;;;;;0;;;;;;;;0;;;;;;;0;;;;;0;;;;;;;;0;;;;;;;0;;;;;;;;0;;;;;;;0;;;;;;;;0;;;;Cooperativa de catadores;Rios +Limpos
01/02/2020;10:20:00;Rio;AM;Manaus;Praia da Ponta das Lajes;COLÔNIA ANTÔNIO ALEIXO;"LATITUDE: 3’5’55,596’’S; LONGITUDE: 59’54’20,556’’W";82;29;;Secretaria Municipal De Limpeza Urbana - Manaus;Poder público;;151;0;0;151;0;Mais de 90 minutos;1 hora;03:00:00;1065;;745;405;;;;;;;;316;;;20;;;4;29 KG;0;;;;;;;;0;;;;;;;0;;;;;0;;;;;;;;0;;;;;;7 KG;0;;;;;;;;0;;;;;;;0;;;;;;;208 KG DE REJEITOS;0;;;;Serviço de limpeza urbana;Rios +Limpos
05/02/2020;10:00:00;Lago/Lagoa;DF;Brasília;Lago Paranoá;Lago Sul;Lago Sul;2000;2000;;Cerrado pra todos;Organização da sociedade civil;salveolago.com.br;50;20;10;10;10;90 minutos;4 horas ou mais;05:00:00;150;250;0;;;;;;;;;;;;;;;;;0;;;;;;;;0;;;;;;;0;;;;;0;;;;;;;;0;;;;;;;0;;;;;;;;0;;;;;;;0;;;;;;;;0;;;;Cooperativa de catadores;Rios +Limpos
16/02/2020;09:00:00;Rio;MG;Araguari;Cachoeira Mirandinha;Zona rural;Rio Araguari;500;30;;Amigos da Cachoeira;Organização da sociedade civil;;22;1;13;21;1;90 minutos;;03:00:00;40;300;222;40;0;5;35;8;1;3;5;22;3;1;4;5;40;50;;8;;1;3;2;0;2;;0;;;;;;;4;;1;3;;13;2;4;7;;;;;117;30;70;5;7;5;;30;;8;;22;;;;0;;;;;;;45;45;;;;;;;1;;1;Galinha;Cooperativa de catadores;Rios +Limpos
29/02/2020;07:30:00;Rio;AM;Manaus;Marina do Davi( Tarumã / Igarapé do Gigante );Bairro Ponta Negra;Marina do Davi;905;0;;Secretaria Municipal De Limpeza Urbana - Manaus;Poder público;;110;0;0;100;10;Mais de 90 minutos;1 hora;02:30:00;3671;;506;205;;;;;;;;290;;;10;;;1;40;0;;;;;;;;0;;;;;;;0;;;;;0;;;;;;;;0;;;;;;;0;;;;;;;;0;;;;;;;0;;;;;;;;0;;;;Serviço de limpeza urbana;Rios +Limpos
11/12/2020;08:00:00;Rio;SP;Colômbia;Rio Grande e Rio Pardo;CENTRO;FINAL DA RUA ANTONIO PRADO;72000;1500;;Prefeitura Municipal de Colombia;Poder público;PREFEITURA MUNICIPAL DE COLOMBIA;25;0;5;18;2;Mais de 90 minutos;4 horas ou mais;10:00:00;5000;3000;600;100;50;;;100;;;50;100;;;100;;100;;;90;;20;10;20;40;;;150;50;;;;100;;150;60;40;50;;250;100;50;;;80;20;;200;;100;40;60;;;250;50;100;30;;20;50;;280;;100;100;30;50;;120;;;20;100;;;;0;;;;Cooperativa de catadores;Rios +Limpos
04/09/2021;08:00:00;Praia;MA;Imperatriz;Praia do Cacau;Bacuri;Náutico Clube;2000;1000;;Marinha do Brasil;Poder público;;55;5;8;35;7;Mais de 90 minutos;1 hora;03:00:00;210;;0;;;;;;;;;;;;;;;;;0;;;;;;;;0;;;;;;;0;;;;;0;;;;;;;;0;;;;;;;0;;;;;;;;0;;;;;;;0;;;;;;;;0;;;;Serviço de limpeza urbana;Rios +Limpos
15/09/2021;10:00:00;Cidade;RO;Porto Velho;Rua Sobral;Aeroclub;Próximo da creche;30;12;;Limpa Brasil;Organização da sociedade civil;www.limpabrasil.org;3;0;2;1;0;45 minutos;1 hora;01:45:00;50;;252;90;7;;6;90;;1;;8;10;1;5;6;8;20;;6;;1;4;;1;;;55;10;13;20;;12;;12;;3;9;;24;8;1;2;5;2;6;;19;;7;6;2;4;;26;9;2;1;5;4;5;;1;;;;1;;;9;;;4;3;2;;;1;1;;Gato;Serviço de limpeza urbana;Rios +Limpos
16/09/2021;09:00:00;Rio;MT;Várzea Grande;Passagem da Conceição;Distrito;não tem;9000;0;;Ministério do Meio Ambiente;Poder público;https://www.gov.br/mma/pt-br;106;0;0;102;4;90 minutos;3 horas;13:30:00;968;718;460;102;;;70;90;;;;108;;;;;90;;;1;;;1;;;;;1;;;;;1;;0;;;;;71;1;30;;40;;;;20;;20;;;;;150;;100;;;50;;;0;;;;;;;15;;;;;15;;;0;;;;Cooperativa de catadores;Rios +Limpos
17/09/2021;08:30:00;Baía;MT;Barão de Melgaço;Baía de Chacororé, Baía Siamariana, Rio Cuiabá e Rio Mutum;Área rural;Porto do Célio;40000;5;-16.199532546355165, -55.9741022982424;Ministério do Meio Ambiente;Poder público;https://www.gov.br/mma/pt-br;77;0;0;77;0;Mais de 90 minutos;4 horas ou mais;13:30:00;10000;9362;1908;;8;;;;;;;1400;;;500;;;;276 (50kg PAD e 88kg caeira);0;;;;;;;;0;;;;;;;0;;;;;0;;;;;;;;6490;;6490;;;;500 kg de ferro (janelas de ferro);615;;615;;;;;;0;;;;;;;23;;;23;;;;;0;;;;Cooperativa de catadores;Rios +Limpos
17/09/2021;10:00:00;Cidade;MT;Cuiabá;Bairro do Porto;Porto;Escola Adventista;200;30;;Grupo Desbravadores;Organização da sociedade civil;;18;0;15;3;0;60 minutos;1 hora;02:00:00;50;;277;100;5;;20;20;;2;50;;;;;;50;30;;8;5;;;3;;;;0;;;;;;;4;;1;3;;58;3;5;20;10;10;10;;20;;10;10;;;;5;;;;;;5;;0;;;;;;;4;;;2;;2;;;0;;;;Serviço de limpeza urbana;Rios +Limpos
18/09/2021;08:00:00;Rio;BA;Bom Jesus da Lapa;Coroa;Beira Rio;Cais;760;210;;Marinha do Brasil;Poder público;;29;0;10;16;0;Mais de 90 minutos;1 hora;04:00:00;350;1500;150;20;0;5;30;35;0;5;2;30;4;1;2;2;13;1;0;100;10;5;10;0;70;5;0;50;2;1;2;10;35;0;0;;;;;150;30;5;10;15;65;25;0;0;;;;;;;0;;;;;;;;0;;;;;;;0;;;;;;;;0;;;;Cooperativa de catadores;Rios +Limpos
18/09/2021;08:30:00;Cidade;GO;Goiânia e Abadiânia;Córrego Água Branca, afluente do Rio Meia Ponte e Lago Corumá IV.;Residencial Vale do Araguaia;As margens da Avenida Acary Passos;200;5;;Marinha do Brasil;Poder público;http://www.cfgo.mb/;17;7;0;10;0;90 minutos;1 hora;02:30:00;20;;0;;;;;;;;;;;;;;;;;0;;;;;;;;0;;;;;;;0;;;;;0;;;;;;;;0;;;;;;;0;;;;;;;;0;;;;;;;0;;;;;;;;0;;;;Serviço de limpeza urbana;Rios +Limpos
18/09/2021;07:30:00;Lago/Lagoa;DF;Brasília;Lago Paranoá;Lago Sul;Pontão do Lago Sul;5000;2000;;Marinha do Brasil;Poder público;https://www.marinha.mil.br/cfb/;37;0;0;37;0;90 minutos;1 hora;04:00:00;184;;0;;;;;;;;;;;;;;;;;0;;;;;;;;0;;;;;;;0;;;;;0;;;;;;;;0;;;;;;;0;;;;;;;;0;;;;;;;0;;;;;;;;0;;;;Serviço de limpeza urbana;Rios +Limpos
18/09/2021;10:00:00;Lago/Lagoa;AM;Parintins;Lagoa da Francesa;Bairro da Francesa;Final da Avenida Amazonas, uma das principais ruas do Município.;300;50;;Marinha do Brasil;Poder público;Não possui.;19;0;2;14;5;Mais de 90 minutos;1 hora;03:00:00;432;45;0;;;;;;;;;;;;;;;;;0;;;;;;;;0;;;;;;;0;;;;;0;;;;;;;;0;;;;;;;0;;;;;;;;0;;;;;;;0;;;;;;;;0;;;;Serviço de limpeza urbana;Rios +Limpos
18/09/2021;14:00:00;Rio;RO;Candeias do Jamari;Marina Confiança;RIO CANDEIAS;PONTE SOBRE O RIO CANDEIAS;50;50;;Marinha do Brasil;Poder público;https://www.marinha.mil.br/om/capitania-fluvial-de-porto-velho;10;0;0;10;0;60 minutos;1 hora;15:30:00;10;100;0;;;;;;;;;;;;;;;;;0;;;;;;;;0;;;;;;;0;;;;;0;;;;;;;;0;;;;;;;0;;;;;;;;0;;;;;;;0;;;;;;;;0;;;;Serviço de limpeza urbana;Rios +Limpos
18/09/2021;16:00:00;Rio;RO;Candeias do Jamari;Marina Paulistinha;RIO CANDEIAS;PONTE SOBRE O RIO CANDEIAS;50;50;;Marinha do Brasil;Poder público;https://www.marinha.mil.br/om/capitania-fluvial-de-porto-velho;10;0;0;0;0;45 minutos;1 hora;17:00:00;10;100;0;;;;;;;;;;;;;;;;;0;;;;;;;;0;;;;;;;0;;;;;0;;;;;;;;0;;;;;;;0;;;;;;;;0;;;;;;;0;;;;;;;;0;;;;Serviço de limpeza urbana;Rios +Limpos
18/09/2021;10:45:00;Rio;PI;Nazária;Nazária;Centro;"Local de Realização do Evento Náutico ""Pururuca Paradise""";500;15;;Marinha do Brasil;Poder público;https://www.marinha.mil.br/cppi/;51;5;10;25;1;Mais de 90 minutos;4 horas ou mais;04:30:00;250;22;0;;;;;;;;;;;;;;;;;0;;;;;;;;0;;;;;;;0;;;;;0;;;;;;;;0;;;;;;;0;;;;;;;;0;;;;;;;0;;;;;;;;0;;;;Serviço de limpeza urbana;Rios +Limpos
18/09/2021;07:30:00;Rio;MT;Várzea Grande;Orla da Alameda;Alameda;Entorno da ponte Julio Miller Porto;8000;0;;Ministério do Meio Ambiente;Poder público;https://www.gov.br/mma/pt-br;109;0;0;109;0;90 minutos;4 horas ou mais;13:30:00;520;439;431;;;;;;;;;190;;;38;;203;;58;0;;;;;;;;0;;;;;;;0;;;;;0;;;;;;;;0;;;;;;;0;;;;;;;;0;;;;;;;0;;;;;;;;0;;;;Cooperativa de catadores;Rios +Limpos
18/09/2021;08:30:00;Cidade;AM;Itacoatiara;Orla de Itacoatiara;CENTRO;ORLA DA CIDADE;300;15;;Marinha do Brasil;Poder público;;5;0;0;5;0;Mais de 90 minutos;2 horas;06:00:00;105;;0;;;;;;;;;;;;;;;;;20;;;;;20;;;0;;;;;;;0;;;;;0;;;;;;;;0;;;;;;;0;;;;;;;;0;;;;;;;0;;;;;;;;0;;;;Serviço de limpeza urbana;Rios +Limpos
18/09/2021;08:00:00;Praia;PA;Santarém;Orla de Santarém;Centro e Aldeia;orla;500;10;;Marinha do Brasil;Poder público;https://www.marinha.mil.br/cfs/;20;0;0;20;0;Mais de 90 minutos;;02:00:00;;;0;;;;;;;;;;;;;;;;;0;;;;;;;;0;;;;;;;0;;;;;0;;;;;;;;0;;;;;;;0;;;;;;;;0;;;;;;;0;;;;;;;;0;;;;Serviço de limpeza urbana;Rios +Limpos
18/09/2021;07:00:00;Rio;AM;Boca do Acre;Orla do Centro de Boca do Acre;centro;Agência Fluvial de Boca do acre;500;25;;Marinha do Brasil;Poder público;;36;20;5;11;0;Mais de 90 minutos;2 horas;03:40:00;300;60;0;;;;;;;;;;;;;;;;;0;;;;;;;;0;;;;;;;0;;;;;0;;;;;;;;0;;;;;;;0;;;;;;;;0;;;;;;;0;;;;;;;;0;;;;Serviço de limpeza urbana;Rios +Limpos
18/09/2021;08:00:00;Rio;AM;Tabatinga;Orla do município de Tabatinga;Centro;Proximidades da feira de Tabatinga;250;90;;Marinha do Brasil;Poder público;cft.mar.mil.br;41;0;0;41;0;60 minutos;;02:00:00;527;;0;;;;;;;;;;;;;;;;;0;;;;;;;;0;;;;;;;0;;;;;0;;;;;;;;0;;;;;;;0;;;;;;;;0;;;;;;;0;;;;;;;;0;;;;Serviço de limpeza urbana;Rios +Limpos
18/09/2021;08:00:00;Rio;AM;Tabatinga;Orla do Porto de Tabatinga-AM (Porto da Feira);Centro;Porto de Tabatinga (Porto da Feira);250;90;;Marinha do Brasil;Poder público;www.marinha.mil.br;41;0;0;41;0;60 minutos;1 hora;01:00:00;527;90;0;;;;;;;;;;;;;;;;;0;;;;;;;;0;;;;;;;0;;;;;0;;;;;;;;0;;;;;;;0;;;;;;;;0;;;;;;;0;;;;;;;;0;;;;Serviço de limpeza urbana;Rios +Limpos
18/09/2021;08:00:00;Cidade;BA;Juazeiro;Orla I de Juazeiro;Centro;Travessia Juazeiro x Petrolina;500;15;;Marinha do Brasil;Poder público;;40;0;24;5;1;Mais de 90 minutos;1 hora;02:30:00;1000;15;0;;;;;;;;;;;;;;;;;0;;;;;;;;0;;;;;;;0;;;;;0;;;;;;;;0;;;;;;;0;;;;;;;;0;;;;;;;0;;;;;;;;0;;;;Serviço de limpeza urbana;Rios +Limpos
18/09/2021;08:00:00;Rio;AM;Manaus;Parque do Mindu;Parque 10 de Novembro;rotatória do mindu;850;1600;;Marinha do Brasil;Poder público;http://btloprib.mb/;24;0;0;24;0;Mais de 90 minutos;2 horas;04:30:00;1920;1920;0;;;;;;;;;;;;;;;;;0;;;;;;;;0;;;;;;;0;;;;;0;;;;;;;;0;;;;;;;0;;;;;;;;0;;;;;;;0;;;;;;;;0;;;;Não sei;Rios +Limpos
18/09/2021;09:00:00;Parque;SP;Indaiatuba;Parque Ecológico;Morada do Sol;Piano;1000;100;;Limpa Brasil;Organização da sociedade civil;www.limpabrasil.org;30;6;5;15;4;45 minutos;1 hora;01:45:00;;;155;;;;;30;;50;;5;;;10;20;20;20;;0;;;;;;;;0;;;;;;;0;;;;;0;;;;;;;;10;;10;;;;;0;;;;;;;;0;;;;;;;1;;;1;;;;;0;;;;Serviço de limpeza urbana;Rios +Limpos
18/09/2021;08:00:00;Cidade;RO;Porto Velho;Porto Cai N´Agua;BAIXA DA UNIÃO;PORTO CAI NAGUA;50;100;;Marinha do Brasil;Poder público;https://www.marinha.mil.br/om/capitania-fluvial-de-porto-velho;20;0;0;20;0;Mais de 90 minutos;1 hora;12:00:00;187;500;0;;;;;;;;;;;;;;;;;0;;;;;;;;0;;;;;;;0;;;;;0;;;;;;;;0;;;;;;;0;;;;;;;;0;;;;;;;0;;;;;;;;0;;;;Serviço de limpeza urbana;Rios +Limpos
18/09/2021;08:00:00;Rio;AC;Cruzeiro do Sul e Mâncio Lima;Porto de Cruzeiro do Sul-AC, Rio Croa e Rio Japiim em Mâncio Lima-AC;Centro;Porto da cidade;310;30;;Marinha do Brasil;Poder público;não há;28;3;4;21;0;Mais de 90 minutos;1 hora;04:00:00;132;430;0;;;;;;;;;;;;;;;;;0;;;;;;;;0;;;;;;;0;;;;;0;;;;;;;;0;;;;;;;0;;;;;;;;0;;;;;;;0;;;;;;;;0;;;;Serviço de limpeza urbana;Rios +Limpos
18/09/2021;15:00:00;Parque;MT;Cuiabá;Praça Ipiranga;Centro;Prainha;50;50;;Grupo Desbravadores;Organização da sociedade civil;;4;0;1;3;0;75 minutos;1 hora;17:00:00;40;;580;200;;;50;50;;;;200;;;;;50;30;;2;;;;2;;;;20;;;10;10;;;2;;2;;;70;;5;10;;5;50;;25;;20;5;;;;0;;;;;;;;0;;;;;;;0;;;;;;;;0;;;;Outros (instituição parceira, empresa, etc.);Rios +Limpos
18/09/2021;08:00:00;Rio;TO;Palmas;Praia da Graciosa, Arnos, Luzimangues, Cajú, Prata e Ilha da INVESTCO;PLANO DIRRETOR SUL;PRAIA DA GRACIOSA;2074;271;;Marinha do Brasil;Poder público;www.marinha.mil.br/cfat;30;0;0;30;0;Mais de 90 minutos;1 hora;04:00:00;158;800;0;;;;;;;;;;;;;;;;;0;;;;;;;;0;;;;;;;0;;;;;0;;;;;;;;0;;;;;;;0;;;;;;;;0;;;;;;;0;;;;;;;;0;;;;Cooperativa de catadores;Rios +Limpos
18/09/2021;09:00:00;Rio;AM;Eirunepé;"Praia da Orla Central de Eirunepé; Praia do Rio Juruá; Praia do Eiru e Praia da Vila Gomes";Zona Rural;Próximo a Foz e próximo ao Porto de Eirunepé.;1400;400;;Marinha do Brasil;Poder público;;91;0;77;14;0;Mais de 90 minutos;1 hora;08:00:00;500;;0;;;;;;;;;;;;;;;;;0;;;;;;;;0;;;;;;;0;;;;;0;;;;;;;;0;;;;;;;0;;;;;;;;0;;;;;;;0;;;;;;;;0;;;;Serviço de limpeza urbana;Rios +Limpos
18/09/2021;08:00:00;Rio;RS;Porto Alegre;Praia da Pedra Redonda;Praia Redonda;xxx;0;0;;Marinha do Brasil;Poder público;;14;0;0;14;0;Mais de 90 minutos;;03:00:00;700;;0;;;;;;;;;;;;;;;;;0;;;;;;;;0;;;;;;;0;;;;;0;;;;;;;;0;;;;;;;0;;;;;;;;0;;;;;;;0;;;;;;;;0;;;;Serviço de limpeza urbana;Rios +Limpos
18/09/2021;09:00:00;Rio;AM;Tefé;Praia da Ponta Branca;CENTRO;PRÓXIMO AO PORTO DE TEFÉ;700;500;;Marinha do Brasil;Poder público;www.marinha.mil.br/om/agencia-fluvial-de-tefe;3;0;0;3;0;Mais de 90 minutos;1 hora;04:00:00;30;100;120;10;0;20;30;20;0;0;0;20;0;0;0;0;20;0;;0;;;;;;;;0;;;;;;;0;;;;;0;;;;;;;;70;20;40;0;10;0;PEDAÇOS DE VERGALHÃO.;70;0;50;0;0;20;0;0;0;;;;;;;0;;;;;;;;0;;;;Serviço de limpeza urbana;Rios +Limpos
18/09/2021;08:00:00;Rio;RO;Porto Velho;Praia de São Sebastião;Baixa da União;Porto Cai N'Água;50;50;;Marinha do Brasil;Poder público;https://www.marinha.mil.br/om/capitania-fluvial-de-porto-velho;4;0;0;4;0;60 minutos;;11:00:00;15;50;0;;;;;;;;;;;;;;;;;0;;;;;;;;0;;;;;;;0;;;;;0;;;;;;;;0;;;;;;;0;;;;;;;;0;;;;;;;0;;;;;;;;0;;;;Serviço de limpeza urbana;Rios +Limpos
18/09/2021;09:30:00;Rio;RR;Caracaraí;Praia do Chacrinha;CENTRO;ORLA;60;40;;Marinha do Brasil;Poder público;https://www.marinha.mil.br/agcaracarai/;13;0;0;13;0;Mais de 90 minutos;1 hora;03:00:00;15;;0;;;;;;;;;;;;;;;;;0;;;;;;;;0;;;;;;;0;;;;;0;;;;;;;;0;;;;;;;0;;;;;;;;0;;;;;;;0;;;;;;;;0;;;;Serviço de limpeza urbana;Rios +Limpos
18/09/2021;08:00:00;Praia;PA;Santarém;Praia do Maracanã;Maracanã;orla do maracanã;300;20;;Marinha do Brasil;Poder público;https://www.marinha.mil.br/cfs/;21;0;7;14;0;Mais de 90 minutos;;02:30:00;;;0;;;;;;;;;;;;;;;;;0;;;;;;;;0;;;;;;;0;;;;;0;;;;;;;;0;;;;;;;0;;;;;;;;0;;;;;;;0;;;;;;;;0;;;;Serviço de limpeza urbana;Rios +Limpos
18/09/2021;17:00:00;Rio;RO;Candeias do Jamari;Praia do Rio Preto;RIO CANDEIAS;PONTE SOBRE O RIO CANDEIAS;50;100;;Marinha do Brasil;Poder público;https://www.marinha.mil.br/om/capitania-fluvial-de-porto-velho;4;0;0;4;0;30 minutos;1 hora;18:00:00;5;50;0;;;;;;;;;;;;;;;;;0;;;;;;;;0;;;;;;;0;;;;;0;;;;;;;;0;;;;;;;0;;;;;;;;0;;;;;;;0;;;;;;;;0;;;;Serviço de limpeza urbana;Rios +Limpos
18/09/2021;08:30:00;Rio;RO;Guajará-Mirim;Praia do Três Bocas;Centro;Rio Pacáas Novos;110;25;;Marinha do Brasil;Poder público;www.marinha.mil.br;5;0;0;5;0;Mais de 90 minutos;1 hora;06:00:00;35;98;61;54;0;0;0;7;0;0;0;0;0;0;0;0;0;0;"garrafas de vidro: 18 UN;
papéis: 23 embalagens diversas, ferro: 3 pedaços em diferentes tamanhos";0;;;;;;;;0;;;;;;;0;0;0;0;papéis;23;10;13;0;0;0;0;;3;0;0;0;3;0;;18;0;18;0;0;0;0;;0;;;;;;;0;;;;;;;;0;;;;Serviço de limpeza urbana;Rios +Limpos
18/09/2021;09:30:00;Rio;RR;Caracaraí;Prainha;CENTRO;ORLA;10;60;;Marinha do Brasil;Poder público;https://www.marinha.mil.br/agcaracarai/;13;0;0;13;0;Mais de 90 minutos;1 hora;03:00:00;22;;0;;;;;;;;;;;;;;;;;0;;;;;;;;0;;;;;;;0;;;;;0;;;;;;;;0;;;;;;;0;;;;;;;;0;;;;;;;0;;;;;;;;0;;;;Serviço de limpeza urbana;Rios +Limpos
18/09/2021;09:30:00;Rural;SP;Joanópolis;Represa Jaguari-Jacareí - Estrada Passagem dos Biguás;Lagoa;Pedra 11;5000;30;;Limpa Brasil;Organização da sociedade civil;www.limpabrasil.org;10;0;1;11;0;Mais de 90 minutos;;04:00:00;;;0;;;;;;;;;;;;;;;;;0;;;;;;;;0;;;;;;;0;;;;;0;;;;;;;;0;;;;;;;0;;;;;;;;0;;;;;;;0;;;;;;;;0;;;;Serviço de limpeza urbana;Rios +Limpos
18/09/2021;08:00:00;Rio;AM;Humaitá;Rio Ipixuna;HUMAITÁ;BALNEÁRIO DO IPIXUNA;700;15;;Marinha do Brasil;Poder público;;13;0;6;7;0;Mais de 90 minutos;1 hora;04:00:00;100;130;244;10;3;15;20;80;0;0;2;30;0;0;0;0;61;23;TAMPA DE FOGÃO;0;;;;;;;;0;;;;;;;0;;;;;0;;;;;;;;0;;;;;;;84;0;70;0;0;12;2;;0;;;;;;;19;12;0;0;0;7;0;;0;;;;Serviço de limpeza urbana;Rios +Limpos
18/09/2021;08:00:00;Rio;PI;Teresina;Rio Parnaíba;Matinha;Iate Clube de Teresina;200;15;;Marinha do Brasil;Poder público;https://www.marinha.mil.br/cppi/;15;2;5;8;0;Mais de 90 minutos;2 horas;02:00:00;100;45;0;;;;;;;;;;;;;;;;;0;;;;;;;;0;;;;;;;0;;;;;0;;;;;;;;0;;;;;;;0;;;;;;;;0;;;;;;;0;;;;;;;;0;;;;Serviço de limpeza urbana;Rios +Limpos
18/09/2021;09:00:00;Rio;AM;Manaus;Rio Tarumã-Açú;Manaus;Rio Tarumã-Açú;3000;1000;;Marinha do Brasil;Poder público;https://www.marinha.mil.br/cfaoc/;14;0;0;14;0;Mais de 90 minutos;3 horas;05:00:00;290;217;240;120;30;0;30;35;8;0;;17;0;0;0;0;0;0;0;15;7;3;2;3;0;0;0;25;13;0;0;5;7;0;15;0;7;8;0;10;5;4;0;0;1;0;0;5;5;0;0;0;0;0;15;9;2;3;1;0;0;0;10;0;5;0;5;0;00:00:00;0;;;;;;;;2;0;2;0;Serviço de limpeza urbana;Rios +Limpos
18/09/2021;08:00:00;Rio;RS;Uruguaiana;Rio Uruguai;xxx;xxx;0;0;;Marinha do Brasil;Poder público;;12;0;0;12;0;Mais de 90 minutos;;03:00:00;100;;0;;;;;;;;;;;;;;;;;0;;;;;;;;0;;;;;;;0;;;;;0;;;;;;;;0;;;;;;;0;;;;;;;;0;;;;;;;0;;;;;;;;0;;;;Serviço de limpeza urbana;Rios +Limpos
20/10/2021;09:00:00;Rio;GO;Aruanã;Rio Araguaia/Rio Vermelho;Aruanã;Rio Araguaia/Rio Vermelho;6000;6000;;Ministério do Meio Ambiente;Poder público;https://www.gov.br/mma/pt-br;116;0;56;60;0;90 minutos;4 horas ou mais;05:30:00;447;7248;4315;100;5;200;250;80;;;250;500;;;250;;2500;180;6;85;;;26;50;5;4;6;206;;;;200;6;2;30;;;30;6;425;20;45;150;;60;150;;1528;;1500;25;3;;20;592;;480;4;;50;58;4;17;;;5;8;4;;26;;;3;15;8;;;0;;;;Outros (instituição parceira, empresa, etc.);Rios +Limpos
06/11/2021;10:00:00;Rio;RO;Guajará-Mirim;Rio Pacaás Novos;Porto Célio;Rio Pacaás Novos;70;4;-10.793280, -65.348659;Ministério do Meio Ambiente;Poder público;https://www.gov.br/mma/pt-br;177;0;0;177;0;Mais de 90 minutos;4 horas ou mais;06:00:00;2000;2110;1975;114;;;;;;;461;1400;;;;;;;;4;;;;;4;;;0;;;;;;;0;;;;;0;;;;;;;;9;;;9;;;7 bicicletas, 7 fogões, 3 carrinhos de mão, 1 geladeira;30;;30;;;;;;1;;;;;1;;3;;;3;;;;;0;;;;Cooperativa de catadores;Rios +Limpos
09/11/2021;10:00:00;Rio;RO;Guajará-Mirim;Rio Pacaás Novos;Guajará-Mirim;Rio Pacaás Novos;70000;24;;SEDAM-RO - Escritório Regional de Gestão Ambiental (ERGA);Poder público;a;17;0;0;17;0;90 minutos;4 horas ou mais;06:00:00;2397;2210;2050;250;;;;;;;;1400;400;;;;;;;4;;;;;4;;;0;;;;;;;0;;;;;0;;;;;;;;15;;;9;6;;7 fogões;30;;30;;;;;1 televisão;1;;;;;1;;3;;;3;;;;;0;;;;Cooperativa de catadores;Rios +Limpos
16/11/2021;09:00:00;Lago/Lagoa;RS;Porto Alegre;Gasômetro;Praia de Belas;Parque Moacir Scliar;3000;90;;Marinha do Brasil;Poder público;www.marinha.mil.br/cfpa/;12;0;0;12;0;Mais de 90 minutos;;03:00:00;;;0;;;;;;;;;;;;;;;;;0;;;;;;;;0;;;;;;;0;;;;;0;;;;;;;;0;;;;;;;0;;;;;;;;0;;;;;;;0;;;;;;;;0;;;;Serviço de limpeza urbana;Rios +Limpos
16/11/2021;09:00:00;Lago/Lagoa;RS;Porto Alegre;Orla do Guaíba;Bairro Praia de Belas;Parque Moacir Scliar;3000;90;;Marinha do Brasil;Poder público;;12;0;0;12;0;Mais de 90 minutos;;03:00:00;;;0;;;;;;;;;;;;;;;;;0;;;;;;;;0;;;;;;;0;;;;;0;;;;;;;;0;;;;;;;0;;;;;;;;0;;;;;;;0;;;;;;;;0;;;;Serviço de limpeza urbana;Rios +Limpos
04/12/2021;09:00:00;Rio;PA;Santarém;Alter do Chão;Alter do Chão;Alter do Chão;5500;4500;;Ministério do Meio Ambiente;Poder público;https://www.gov.br/mma/pt-br;84;0;0;84;0;Mais de 90 minutos;2 horas;03:00:00;287;387;114;;;;;;;;;110;;;4;;;;6 kg;0;;;;;;;;0;;;;;;;0;;;;;0;;;;;;;5 kg;0;;;;;;7 kg;264;4;260;;;;;6 kg;0;;;;;;;0;;;;;;;;0;;;;Cooperativa de catadores;Rios +Limpos
04/12/2021;16:00:00;Lago/Lagoa;RS;Porto Alegre;Orla do Gasômetro lago Guaíba;Centro de Porto Alegre;Gasômetro;1100;50;;Lions Clube Internacional;Organização da sociedade civil;https://www.lionsclubs.org/pt;40;10;15;25;5;Mais de 90 minutos;1 hora;03:00:00;50;500;107;12;;;15;23;;1;;;;;10;;25;21;Vários plásticos (velho) fragmentados não indetificcdos;0;;;;;;;;0;;;;;;;0;;;;;0;;;;;;;;0;;;;;;;0;;;;;;;;0;;;;;;;0;;;;;;;;0;;;;Serviço de limpeza urbana;Rios +Limpos
19/03/2022;08:00:00;Lago/Lagoa;TO;Palmas;Lago de Palmas;Plano Diretor Sul;Praia da Graciosa;22000;4;-10.189567796277814 -48.36443467383814;Ministério do Meio Ambiente;Poder público;https://www.gov.br/mma/pt-br;116;0;0;116;0;Mais de 90 minutos;3 horas;05:00:00;271;636;314;;;57;58;;;;3;93;;;47;;56;;"5 PVC ;2 base de sombrinhas de praia; 2 cadeiras; 1 mesa; 2 grades de carro; 1 paralama; 1 parachoque; 3 tampas térmicas;1 viseira de capacete;";6;;3;1;;2;;2 Vedações de parabrisa;11;;;;;11;"1 forro de teto
3 cestos";11;;;11;;21;11;;;;10;;;36;;32;4;;;"3 peças de carro; 2 espetos de churrasco; 1 rastel, 1 grade de churrasqueira; 1 chapa de churrasqueira.";195;;116;;;47;32;;0;;;;;;;3;;;3;;;;"3 calotas; 1 barra de proteção de alumínio; 1 placa de moto; 3 lonas de pneu";0;;;;Cooperativa de catadores;Rios +Limpos
01/05/2022;08:40:00;Cidade;SP;Mogi das Cruzes;Av. Francisco Rodrigues Filho, 3500;Cesar de Souza;Casa de Show Santa Fé;215000;215000;-23.505637865274306, -46.16880121587972;Limpa Brasil;Organização da sociedade civil;www.limpabrasil.org ;55;10;10;30;5;90 minutos;1 hora;02:00:00;22;;0;;;;;;;;;;;;;;;;16;0;;;;;;;;0;;;;;;;0;;;;;0;;;;;;;2;0;;;;;;;0;;;;;;;4,2;0;;;;;;;0;;;;;;;30;0;;;;Cooperativa de catadores;Rios +Limpos
01/05/2022;08:00:00;Rural;SP;Jundiaí;Bairro Caxambu;Caxambú;Próximo a Jeruel.;400;400;;Limpa Brasil;Organização da sociedade civil;www.limpabrasil.org;30;3;6;20;1;90 minutos;1 hora;03:00:00;1;10;176;30;0;10;10;10;0;0;;6;0;0;30;0;50;30;"Prendedores de roupas : 04 ; 
Conduites : 06 pedaços ; 
Caixa de passagem elétrica : 03 ; 
Tubos de pvc : 08pçs ;
Bombona 01;";13;0;0;2;7;0;4;"Peças de automóveis = 02 ; 
Peças industriais : 04";24;4;0;0;0;20;"Cadeiras : 03;
Escovão de madeira; madeiras tipo duratex/eucatex 06 chapas ;";20;6;4;10;;104;20;4;20;10;30;20;;105;30;22;8;15;30;"arame/cerca : 01 pedaço ;";136;0;65;1;30;30;10;;6;0;2;1;3;0;;56;50;1;0;5;0;0;;3;0;3;cão, gato, animal silvestre(tipo raposa);Cooperativa de catadores;Rios +Limpos
21/05/2022;08:00:00;Rio;PI;Teresina;Encontro dos Rios Poti e Parnaíba;Poti Velho;Parque encontro dos rios;6000;4;-5.0340456316277225, -42.83893040795549;Ministério do Meio ambiente;Poder público;https://www.gov.br/mma/pt-br;135;0;0;135;0;Mais de 90 minutos;2 horas;04:00:00;495;1439;1065;;;;;;;;20;420;;;40;;585;;;16;;;10;;6;;;20;;;;;20;;25;;10;15;;35;;;;;35;;;15;;15;;;;;258;;105;;;153;;;4;;;;;4;;1;;;1;;;;;0;;;;Cooperativa de catadores;Rios +Limpos
05/06/2022;08:00:00;Parque;SP;Campinas;Bosque dos Jequitibás;Bosque;Bosque dos Jequitibás;2000;2000;-22.881481528626676, -47.052169070279355;Limpa Brasil;Organização da sociedade civil;www.limpabrasil.org;30;4;4;20;2;90 minutos;1 hora;03:00:00;31;5;435;100;3;20;30;100;10;2;;35;10;;35;10;30;50;garrafas de vidro;5;;;1;3;;1;;18;10;;2;1;5;;7;;2;5;;140;65;15;30;10;10;10;;38;20;10;3;4;1;;9;2;5;;;;2;;0;;;;;;;4;;;1;;3;;;0;;;;Outros (instituição parceira, empresa, etc.);Rios +Limpos
05/06/2022;08:00:00;Parque;GO;Goiania;Jardim das Aroeiras;Jardim das Aroeiras;Praça da Juventude;1000;1000;-16.65797090141854, -49.19747177726154;Limpa Brasil;Organização da sociedade civil;www.limpabrasil.org;36;4;4;28;1;45 minutos;1 hora;01:45:00;46;;235;8;;12;;75;;;2;15;19;;7;;72;25;;2;;;;2;;;;6;;;;;6;;3;;;3;;49;9;12;17;;11;;;11;;9;;2;;;36;;36;;;;;;0;;;;;;;0;;;;;;;;0;;;;Cooperativa de catadores;Rios +Limpos
05/06/2022;08:30:00;Cidade;DF;Ceilândia;Pólo Ambiental JK;Brasília;CEF 32 SOL NASCENTE;1000;1000;;Limpa Brasil;Organização da sociedade civil;www.limpabrasil.org ;39;5;25;9;0;Mais de 90 minutos;2 horas;03:00:00;120;300;353;0;25;60;50;20;15;3;0;90;0;4;30;0;26;30;0;7;0;0;3;0;4;0;0;15;0;0;0;0;15;0;0;;;;;23;7;0;16;0;0;0;0;0;;;;;;;0;;;;;;;;0;;;;;;;0;;;;;;;;0;;;;Serviço de limpeza urbana;Rios +Limpos
05/06/2022;08:29:00;Cidade;SP;Sao Carlos;Região do Rio Monjolinho;Parque Faber Castel II;Shopping Iguatemi;500;35;;Limpa Brasil;Organização da sociedade civil;www.limpabrasil.org ;8;0;1;7;0;60 minutos;1 hora;02:00:00;29,38;300;45;0;0;0;0;0;0;0;0;30;0;0;0;15;0;0;;0;;;;;;;;0;;;;;;;6;0;0;6;;0;;;;;;;;0;;;;;;;53;1;52;0;0;0;0;;0;;;;;;;41;41;0;0;0;0;0;;0;;;;Cooperativa de catadores;Rios +Limpos
05/06/2022;08:00:00;Cidade;SP;São Paulo;Rua ao entorno do Museu do Ipiranga;Ipiranga;Museu do Ipiranga;3500;3500;;Limpa Brasil;Organização da sociedade civil;www.limpabrasil.org;100;5;0;95;0;60 minutos;1 hora;01:30:00;130;;0;;;;;;;;;;;;;;;;;0;;;;;;;;0;;;;;;;0;;;;;0;;;;;;;;0;;;;;;;0;;;;;;;;0;;;;;;;0;;;;;;;;0;;;;Serviço de limpeza urbana;Rios +Limpos
05/06/2022;08:30:00;Cidade;PR;Londrina;Rua Cap. Jaci da Silva Pinheiros;GLEBA FAZENDA PALHANO;Cilo 3;10000;10000;-23.280681790323, -51.216142999999995;Limpa Brasil;Organização da sociedade civil;www.limpabrasil.org;9;1;6;3;0;Mais de 90 minutos;1 hora;04:00:00;59;9;309;45;;40;1;15;;1;;96;;;16;9;30;56;;2;;;;2;;;;9;;;;;9;;4;1;;3;;46;3;14;18;2;4;5;15;12;3;8;;1;;5;9;1;1;;;6;1;5;0;;;;;;;47;43;;;2;;2;3;0;;;;Serviço de limpeza urbana;Rios +Limpos
19/06/2022;09:45:00;Parque;RS;Porto Alegre;Parque Chico Mendes;Mario Quintana;Usina do Gasômetro;4000;4000;-30.02449534877761, -51.1116749971074;Limpa Brasil;Organização da sociedade civil;www.limpabrasil.org;32;1;0;31;0;Mais de 90 minutos;1 hora;03:00:00;203;;0;;;;;;;;;;;;;;;;plástico 67 kg;0;;;;;;;rejeitos 108,50 kc;0;;;;;;;0;;;;;0;;;;;;;;0;;;;;;metal 3,50 kg;0;;;;;;;vidro 21 kg;0;;;;;;;2;2;;;;;;;0;;;;Cooperativa de catadores;Rios +Limpos
23/06/2022;14:00:00;Cidade;SP;Barueri;Bairro Parque Imperial - Barueri/SP;Parque Imperial;Próximo ao CRAS Parque Imperial;100;100;-23.489455, -46.812339;Limpa Brasil;Organização da sociedade civil;www.limpabrasil.org ;25;4;6;13;2;60 minutos;1 hora;02:00:00;32;1200;126;;;30;;;;;;4;;;;15;27;50;;0;;;;;;;;0;;;;;;;0;;;;;70;;;;50;20;;;0;;;;;;;0;;;;;;;;0;;;;;;;0;;;;;;;;0;;;;Serviço de limpeza urbana;Rios +Limpos
23/06/2022;14:00:00;Rio;RS;Campo Bom;Margem do Rio dos Sinos;Mônaco;Próximo à Avenida dos Estados.;50;50;-29.691598, -51.045435;Limpa Brasil;Organização da sociedade civil;www.limpabrasil.org;37;0;20;17;0;30 minutos;1 hora;01:30:00;250;254;107;;;;;6;;;;8;;3;16;;60;14;;18;;1;8;9;;;;0;;;;;;;23;;10;13;;39;6;10;1;2;14;6;;20;6;6;1;5;2;;40;;31;2;;7;;;1;;;;1;;;4;;;;3;1;;;0;;;;Cooperativa de catadores;Rios +Limpos
23/07/2022;09:00:00;Cidade;SP;Várzea Paulista;Rua Solimões;JARDIM GIANFRANCESCO;Mercado Dia;2000;500;;Limpa Brasil;Organização da sociedade civil;www.limpabrasil.org ;9;0;0;9;0;75 minutos;1 hora;02:40:00;18,46;;85;6;10;6;0;10;3;0;0;5;0;10;10;25;0;0;0;0;;;;;;;;9;;;;4;5;;3;3;;;;36;10;12;6;;8;0;0;28;6;9;;;13;;0;;;;;;;;0;;;;;;;168;168;;;;;;;0;;;;Serviço de limpeza urbana;Rios +Limpos
